Location,Title,Company,Url,Category
Monterrey,Desarrollador IA (Inteligencia Artificial),Tecnológico de Monterrey,https://mx.linkedin.com/jobs/view/desarrollador-ia-inteligencia-artificial-at-tecnol%C3%B3gico-de-monterrey-3996580560,AI/ML
San Pedro,Data Science Analyst,Steelcase,https://mx.linkedin.com/jobs/view/data-science-analyst-at-steelcase-3979385708,Data Science
Monterrey,AI Engineer,NEORIS,https://mx.linkedin.com/jobs/view/ai-engineer-at-neoris-3984233060,AI/ML
Monterrey,Data Scientist Sr,Linde Advanced Material Technologies,https://mx.linkedin.com/jobs/view/data-scientist-sr-at-linde-advanced-material-technologies-3961915237,Data Science
Monterrey,Data Scientist,Genpact,https://mx.linkedin.com/jobs/view/data-scientist-at-genpact-3995983208,Data Science
Monterrey,Data Scientist (Consultant),NEORIS,https://mx.linkedin.com/jobs/view/data-scientist-consultant-at-neoris-3997049604,Data Science
Monterrey,AI/ML Engineer,Tata Consultancy Services,https://mx.linkedin.com/jobs/view/ai-ml-engineer-at-tata-consultancy-services-3989995436,Data Science
Monterrey,Machine Learning Engineer,Chubb,https://mx.linkedin.com/jobs/view/machine-learning-engineer-at-chubb-3880903729,Data Science
San Pedro,AI Developer,SAP,https://mx.linkedin.com/jobs/view/ai-developer-at-sap-3973335075,AI/ML
Monterrey,Data Scientist Sr,NEORIS,https://mx.linkedin.com/jobs/view/data-scientist-sr-at-neoris-3997052149,Data Science
Monterrey,Ingeniero de Datos e Inteligencia Artificial,Grupo Industrial Saltillo,https://mx.linkedin.com/jobs/view/ingeniero-de-datos-e-inteligencia-artificial-at-grupo-industrial-saltillo-3992772321,AI/ML
Monterrey,Software Engineer for AI Training Data (Python),G2i Inc.,https://mx.linkedin.com/jobs/view/software-engineer-for-ai-training-data-python-at-g2i-inc-3984109760,AI/ML
Monterrey,AI/ML and MLOps Field Engineer,Canonical,https://mx.linkedin.com/jobs/view/ai-ml-and-mlops-field-engineer-at-canonical-3959704298,Data Science
Monterrey,Data Scientist Sr,Chubb,https://mx.linkedin.com/jobs/view/data-scientist-sr-at-chubb-3825425799,Data Science
Monterrey,ML Ops Engineer,Chubb,https://mx.linkedin.com/jobs/view/ml-ops-engineer-at-chubb-3987318831,Data Science
Monterrey,Ingeniero de Analítica de Datos,Grupo Industrial Saltillo,https://mx.linkedin.com/jobs/view/ingeniero-de-anal%C3%ADtica-de-datos-at-grupo-industrial-saltillo-3992768484,Data Analysis
Monterrey,Analista de implementación en Inteligencia Artificial,Confidencial,https://mx.linkedin.com/jobs/view/analista-de-implementaci%C3%B3n-en-inteligencia-artificial-at-confidencial-3993880191,AI/ML
Monterrey,"Python and Kubernetes Software Engineer - Data, AI/ML & Analytics",Canonical,https://mx.linkedin.com/jobs/view/python-and-kubernetes-software-engineer-data-ai-ml-analytics-at-canonical-3959709229,Data Analysis
Monterrey,Python Developer Specialist,Accenture México,https://mx.linkedin.com/jobs/view/python-developer-specialist-at-accenture-m%C3%A9xico-3990350248,AI/ML
Monterrey,Senior AI Engineer,AgileEngine,https://mx.linkedin.com/jobs/view/senior-ai-engineer-at-agileengine-3979666200,AI/ML
Monterrey,Mobile Engineer - iOS (Hybrid),Homebase,https://mx.linkedin.com/jobs/view/mobile-engineer-ios-hybrid-at-homebase-3981625016,Data Analysis
San Pedro,Senior AI Application Engineer,Bain & Company,https://mx.linkedin.com/jobs/view/senior-ai-application-engineer-at-bain-company-3912813055,AI/ML
Monterrey,Software Engineer - Industrial IoT,Canonical,https://mx.linkedin.com/jobs/view/software-engineer-industrial-iot-at-canonical-3959713767,AI/ML
Monterrey,Desarrollador Mobile iOS,BC Tecnología,https://mx.linkedin.com/jobs/view/desarrollador-mobile-ios-at-bc-tecnolog%C3%ADa-3770449250,Data Analysis
Monterrey,[ MITinfra] Desarrollador Jr/Midd   PRESENCIAL,AXEN IT Consulting,https://mx.linkedin.com/jobs/view/mitinfra-desarrollador-jr-midd-presencial-at-axen-it-consulting-3868723068,AI/ML
San Pedro,"Principal, AI Application Engineer",Bain & Company,https://mx.linkedin.com/jobs/view/principal-ai-application-engineer-at-bain-company-3912810186,AI/ML
Monterrey,"Software Engineer, Sustaining Engineering",Canonical,https://mx.linkedin.com/jobs/view/software-engineer-sustaining-engineering-at-canonical-3996008996,AI/ML
Monterrey,Senior Observability Platform Developer - Python/Go,Canonical,https://mx.linkedin.com/jobs/view/senior-observability-platform-developer-python-go-at-canonical-3960163724,Data Analysis
Monterrey,Full-stack Ruby on Rails Developer,Telos Labs,https://mx.linkedin.com/jobs/view/full-stack-ruby-on-rails-developer-at-telos-labs-3914839199,AI/ML
Monterrey,Desarrollador de Multimedia (FrontEnd) - Temporal,Tecnológico de Monterrey,https://mx.linkedin.com/jobs/view/desarrollador-de-multimedia-frontend-temporal-at-tecnol%C3%B3gico-de-monterrey-3977961328,AI/ML
San Pedro,Cloud Engineer Associate,SAP,https://mx.linkedin.com/jobs/view/cloud-engineer-associate-at-sap-3993689886,AI/ML
Monterrey,Junior Analytics Analyst,NielsenIQ,https://mx.linkedin.com/jobs/view/junior-analytics-analyst-at-nielseniq-3986112519,Data Analysis
Monterrey,AI/GPU Test Engineer,Lenovo,https://mx.linkedin.com/jobs/view/ai-gpu-test-engineer-at-lenovo-3954439600,AI/ML
Monterrey,DevOps Specialist,NEORIS,https://mx.linkedin.com/jobs/view/devops-specialist-at-neoris-3974446224,AI/ML
Monterrey,SQL Developer,NEORIS,https://mx.linkedin.com/jobs/view/sql-developer-at-neoris-3931877190,Data Analysis
Monterrey,Senior Site Reliability Engineer (SRE),Enroute,https://mx.linkedin.com/jobs/view/senior-site-reliability-engineer-sre-at-enroute-3943508620,Data Analysis
Monterrey,Analytics Engineer,Axented,https://mx.linkedin.com/jobs/view/analytics-engineer-at-axented-3910391890,Data Analysis
Monterrey,People Analytics Analyst,Chubb,https://mx.linkedin.com/jobs/view/people-analytics-analyst-at-chubb-3957754493,Data Analysis
Monterrey,"Site Reliability Engineer, Americas",Canonical,https://mx.linkedin.com/jobs/view/site-reliability-engineer-americas-at-canonical-3977544158,Data Analysis
Monterrey,Cloud Support Associate Engineer,Canonical,https://mx.linkedin.com/jobs/view/cloud-support-associate-engineer-at-canonical-3997388141,AI/ML
Monterrey,Data Analyst,Vertiv,https://mx.linkedin.com/jobs/view/data-analyst-at-vertiv-3995032751,Data Analysis
San Pedro,Hyperscaler Observability Engineer,SAP,https://mx.linkedin.com/jobs/view/hyperscaler-observability-engineer-at-sap-3983708504,Data Analysis
San Pedro,SQL Developer,Blue People,https://mx.linkedin.com/jobs/view/sql-developer-at-blue-people-3930194561,Data Analysis
Monterrey,Index Management Researcher Associate,MSCI Inc.,https://mx.linkedin.com/jobs/view/index-management-researcher-associate-at-msci-inc-3992497087,AI/ML
Monterrey,Mobile Engineer - Android (Hybrid),Homebase,https://mx.linkedin.com/jobs/view/mobile-engineer-android-hybrid-at-homebase-3994984928,Data Analysis
Monterrey,Programmer Maintenance,The Hershey Company,https://mx.linkedin.com/jobs/view/programmer-maintenance-at-the-hershey-company-3981094106,AI/ML
Monterrey,Site Reliability / Gitops Engineer,Canonical,https://mx.linkedin.com/jobs/view/site-reliability-gitops-engineer-at-canonical-3985107402,Data Analysis
Monterrey,SQL Developer,Tata Consultancy Services,https://mx.linkedin.com/jobs/view/sql-developer-at-tata-consultancy-services-3987134218,Data Analysis
Monterrey,Middle RabbitMQ Developer,AgileEngine,https://mx.linkedin.com/jobs/view/middle-rabbitmq-developer-at-agileengine-3947431862,Data Analysis
Monterrey,Data Analytics Developer,Accenture México,https://mx.linkedin.com/jobs/view/data-analytics-developer-at-accenture-m%C3%A9xico-3977673574,Data Analysis
Monterrey,Data Analyst,Chubb,https://mx.linkedin.com/jobs/view/data-analyst-at-chubb-3870865425,Data Analysis
Monterrey,Associate SQA Engineer,SWBC Mexico,https://mx.linkedin.com/jobs/view/associate-sqa-engineer-at-swbc-mexico-3934685742,AI/ML
San Pedro,Product Data Analyst,Steelcase,https://mx.linkedin.com/jobs/view/product-data-analyst-at-steelcase-3995105336,Data Analysis
Monterrey,Containerization & Virtualisation Engineer,Canonical,https://mx.linkedin.com/jobs/view/containerization-virtualisation-engineer-at-canonical-3988807046,AI/ML
Monterrey,Data Analyst Intern,BAT,https://mx.linkedin.com/jobs/view/data-analyst-intern-at-bat-3995829834,Data Analysis
Monterrey,Data and BI Engineer Specialist,Accenture México,https://mx.linkedin.com/jobs/view/data-and-bi-engineer-specialist-at-accenture-m%C3%A9xico-3977669789,Data Analysis
Monterrey,Developer Data Quality Specialist,Accenture México,https://mx.linkedin.com/jobs/view/developer-data-quality-specialist-at-accenture-m%C3%A9xico-3977670745,AI/ML
Monterrey,Data Cloud AWS Developer Specialist,Accenture México,https://mx.linkedin.com/jobs/view/data-cloud-aws-developer-specialist-at-accenture-m%C3%A9xico-3977675019,AI/ML
Monterrey,Online Data Analyst,TELUS International,https://mx.linkedin.com/jobs/view/online-data-analyst-at-telus-international-3977825370,Data Analysis
San Pedro,Marketing Data Analyst,Totum Talent,https://mx.linkedin.com/jobs/view/marketing-data-analyst-at-totum-talent-3850211324,Data Analysis
Monterrey,Senior Mobile Developer,Accenture México,https://mx.linkedin.com/jobs/view/senior-mobile-developer-at-accenture-m%C3%A9xico-3980196463,Data Analysis
Monterrey,Senior Site Reliability / Gitops Engineer,Canonical,https://mx.linkedin.com/jobs/view/senior-site-reliability-gitops-engineer-at-canonical-3985103893,Data Analysis
Monterrey,PL SQL Developer,Azkait,https://mx.linkedin.com/jobs/view/pl-sql-developer-at-azkait-3943728479,Data Analysis
Monterrey,E-commerce Data Analyst,Jules,https://mx.linkedin.com/jobs/view/e-commerce-data-analyst-at-jules-3955127962,Data Analysis
Monterrey,.NET/SQL Developer,NEORIS,https://mx.linkedin.com/jobs/view/net-sql-developer-at-neoris-3943626586,Data Analysis
San Pedro,Procurement BI Engineer,Johnson Controls,https://mx.linkedin.com/jobs/view/procurement-bi-engineer-at-johnson-controls-3817715735,Data Analysis
Monterrey,Senior RabbitMQ Developer,AgileEngine,https://mx.linkedin.com/jobs/view/senior-rabbitmq-developer-at-agileengine-3947436386,Data Analysis
Monterrey,Power BI Consultant,Accenture México,https://mx.linkedin.com/jobs/view/power-bi-consultant-at-accenture-m%C3%A9xico-3967579418,Data Analysis
Monterrey,"Front End Angular Developer (Angular 7+, React or Vue, TypeScript, JavaScript, HTML5, CSS3, MVC, SASS, SPA, WPA, Agile Scrum)","Pyramid Consulting, Inc",https://mx.linkedin.com/jobs/view/front-end-angular-developer-angular-7%2B-react-or-vue-typescript-javascript-html5-css3-mvc-sass-spa-wpa-agile-scrum-at-pyramid-consulting-inc-3996026542,Data Science
Monterrey,Golang System Software Engineer - Containers / Virtualisation,Canonical,https://mx.linkedin.com/jobs/view/golang-system-software-engineer-containers-virtualisation-at-canonical-3961731416,AI/ML
Monterrey,Embedded Linux Containers Software Engineer,Canonical,https://mx.linkedin.com/jobs/view/embedded-linux-containers-software-engineer-at-canonical-3959494606,AI/ML
Monterrey,Onsite Sr Mobile Developer,NTT DATA North America,https://mx.linkedin.com/jobs/view/onsite-sr-mobile-developer-at-ntt-data-north-america-3978678751,Data Analysis
Monterrey,Credit & Master Data Specialist,RS,https://mx.linkedin.com/jobs/view/credit-master-data-specialist-at-rs-3977984647,AI/ML
Monterrey,SAP Developer Associate ABAP -BTP (Academia Sap),Accenture México,https://mx.linkedin.com/jobs/view/sap-developer-associate-abap-btp-academia-sap-at-accenture-m%C3%A9xico-3888734323,AI/ML
Monterrey,Earn Extra Income (Online Data Analyst Spanish Speaker),TELUS International AI Data Solutions,https://mx.linkedin.com/jobs/view/earn-extra-income-online-data-analyst-spanish-speaker-at-telus-international-ai-data-solutions-3996217649,Data Analysis
Monterrey,Data Analyst Sr,Chubb,https://mx.linkedin.com/jobs/view/data-analyst-sr-at-chubb-3970060707,Data Analysis
Monterrey,IT Developer Specialist,SGF Global,https://mx.linkedin.com/jobs/view/it-developer-specialist-at-sgf-global-3758784135,AI/ML
Monterrey,.Net SQL Developer Sr,NEORIS,https://mx.linkedin.com/jobs/view/net-sql-developer-sr-at-neoris-3930299666,Data Analysis
Monterrey,"Sr. Integration Developer Snowflake, SQL",LAAgencia,https://mx.linkedin.com/jobs/view/sr-integration-developer-snowflake-sql-at-laagencia-3980256152,Data Analysis
San Pedro,Sr Business Intelligence Analyst,Johnson Controls,https://mx.linkedin.com/jobs/view/sr-business-intelligence-analyst-at-johnson-controls-3942541149,Data Analysis
Monterrey,COG Actuarial Data Analyst,Chubb,https://mx.linkedin.com/jobs/view/cog-actuarial-data-analyst-at-chubb-3985305175,Data Analysis
Monterrey,Real Assets Data Analyst,MSCI Inc.,https://mx.linkedin.com/jobs/view/real-assets-data-analyst-at-msci-inc-3981961466,Data Analysis
Monterrey,Sr. Data Analyst,Chubb,https://mx.linkedin.com/jobs/view/sr-data-analyst-at-chubb-3903529970,Data Analysis
San Pedro,Master Data Analyst,Clarios,https://mx.linkedin.com/jobs/view/master-data-analyst-at-clarios-3992226351,Data Analysis
Monterrey,IT Systems Developer Engineer I – Commercial Wholesale,GM Financial,https://mx.linkedin.com/jobs/view/it-systems-developer-engineer-i-%E2%80%93-commercial-wholesale-at-gm-financial-3992469215,AI/ML
Monterrey,Data Operations Analyst,"Fitch Group, Inc.",https://mx.linkedin.com/jobs/view/data-operations-analyst-at-fitch-group-inc-3985685465,Data Analysis
Monterrey,Coordinador Cobranza Analytics.,CMR - México,https://mx.linkedin.com/jobs/view/coordinador-cobranza-analytics-at-cmr-m%C3%A9xico-3996276667,Data Analysis
